{
  "train": {
    "accuracy": 0.7727727272727273,
    "precision": 0.22454329044855165,
    "recall": 0.8933702245397467,
    "f1": 0.3588833789329685,
    "iou": 0.2186824350725468,
    "tp": 8395.0,
    "tn": 93611.0,
    "fp": 28992.0,
    "fn": 1002.0
  },
  "validation": {
    "accuracy": 0.7693355119825708,
    "precision": 0.2715477293790547,
    "recall": 0.827683615819209,
    "f1": 0.4089323098394975,
    "iou": 0.25701754385964914,
    "tp": 879.0,
    "tn": 7596.0,
    "fp": 2358.0,
    "fn": 183.0
  },
  "validation_best_threshold": 0.78,
  "validation_best_threshold_metrics": {
    "accuracy": 0.9086782861292665,
    "precision": 0.5233722871452421,
    "recall": 0.5903954802259888,
    "f1": 0.5548672566371683,
    "iou": 0.38395590936925905,
    "tp": 627.0,
    "tn": 9383.0,
    "fp": 571.0,
    "fn": 435.0
  },
  "train_at_best_threshold": {
    "accuracy": 0.9279015151515152,
    "precision": 0.49479347448802496,
    "recall": 0.6067894008726189,
    "f1": 0.5450982266622055,
    "iou": 0.37466324988501215,
    "tp": 5702.0,
    "tn": 116781.0,
    "fp": 5822.0,
    "fn": 3695.0
  },
  "train_observers": 60,
  "validation_observers": 3,
  "train_samples": 132000,
  "validation_samples": 11016,
  "scene_mode": "fused",
  "observer_height": 1.6,
  "target_height": 0.0,
  "max_distance": null,
  "seed": 7,
  "label_mode": "3d",
  "z_res": 0.5
}